"","Survived","Pclass","Title","Sex","Age","Fare","Family_size"
"1","0","3","Mr","male",22,7.25,1
"2","1","1","Mrs","female",38,71.2833,1
"3","1","3","Miss","female",26,7.925,0
"4","1","1","Mrs","female",35,53.1,1
"5","0","3","Mr","male",35,8.05,0
"6","0","3","Mr","male",29.6991176470588,8.4583,0
"7","0","1","Mr","male",54,51.8625,0
"8","0","3","Master","male",2,21.075,4
"9","1","3","Mrs","female",27,11.1333,2
"10","1","2","Mrs","female",14,30.0708,1
"11","1","3","Miss","female",4,16.7,2
"12","1","1","Miss","female",58,26.55,0
"13","0","3","Mr","male",20,8.05,0
"14","0","3","Mr","male",39,31.275,6
"15","0","3","Miss","female",14,7.8542,0
"16","1","2","Mrs","female",55,16,0
"17","0","3","Master","male",2,29.125,5
"18","1","2","Mr","male",29.6991176470588,13,0
"19","0","3","Mrs","female",31,18,1
"20","1","3","Mrs","female",29.6991176470588,7.225,0
"21","0","2","Mr","male",35,26,0
"22","1","2","Mr","male",34,13,0
"23","1","3","Miss","female",15,8.0292,0
"24","1","1","Mr","male",28,35.5,0
"25","0","3","Miss","female",8,21.075,4
"26","1","3","Mrs","female",38,31.3875,6
"27","0","3","Mr","male",29.6991176470588,7.225,0
"28","0","1","Mr","male",19,263,5
"29","1","3","Miss","female",29.6991176470588,7.8792,0
"30","0","3","Mr","male",29.6991176470588,7.8958,0
"31","0","1","Noble male","male",40,27.7208,0
"32","1","1","Mrs","female",29.6991176470588,146.5208,1
"33","1","3","Miss","female",29.6991176470588,7.75,0
"34","0","2","Mr","male",66,10.5,0
"35","0","1","Mr","male",28,82.1708,1
"36","0","1","Mr","male",42,52,1
"37","1","3","Mr","male",29.6991176470588,7.2292,0
"38","0","3","Mr","male",21,8.05,0
"39","0","3","Miss","female",18,18,2
"40","1","3","Miss","female",14,11.2417,1
"41","0","3","Mrs","female",40,9.475,1
"42","0","2","Mrs","female",27,21,1
"43","0","3","Mr","male",29.6991176470588,7.8958,0
"44","1","2","Miss","female",3,41.5792,3
"45","1","3","Miss","female",19,7.8792,0
"46","0","3","Mr","male",29.6991176470588,8.05,0
"47","0","3","Mr","male",29.6991176470588,15.5,1
"48","1","3","Miss","female",29.6991176470588,7.75,0
"49","0","3","Mr","male",29.6991176470588,21.6792,2
"50","0","3","Mrs","female",18,17.8,1
"51","0","3","Master","male",7,39.6875,5
"52","0","3","Mr","male",21,7.8,0
"53","1","1","Mrs","female",49,76.7292,1
"54","1","2","Mrs","female",29,26,1
"55","0","1","Mr","male",65,61.9792,1
"56","1","1","Mr","male",29.6991176470588,35.5,0
"57","1","2","Miss","female",21,10.5,0
"58","0","3","Mr","male",28.5,7.2292,0
"59","1","2","Miss","female",5,27.75,3
"60","0","3","Master","male",11,46.9,7
"61","0","3","Mr","male",22,7.2292,0
"62","1","1","Miss","female",38,80,0
"63","0","1","Mr","male",45,83.475,1
"64","0","3","Master","male",4,27.9,5
"65","0","1","Mr","male",29.6991176470588,27.7208,0
"66","1","3","Master","male",29.6991176470588,15.2458,2
"67","1","2","Mrs","female",29,10.5,0
"68","0","3","Mr","male",19,8.1583,0
"69","1","3","Miss","female",17,7.925,6
"70","0","3","Mr","male",26,8.6625,2
"71","0","2","Mr","male",32,10.5,0
"72","0","3","Miss","female",16,46.9,7
"73","0","2","Mr","male",21,73.5,0
"74","0","3","Mr","male",26,14.4542,1
"75","1","3","Mr","male",32,56.4958,0
"76","0","3","Mr","male",25,7.65,0
"77","0","3","Mr","male",29.6991176470588,7.8958,0
"78","0","3","Mr","male",29.6991176470588,8.05,0
"79","1","2","Master","male",0.83,29,2
"80","1","3","Miss","female",30,12.475,0
"81","0","3","Mr","male",22,9,0
"82","1","3","Mr","male",29,9.5,0
"83","1","3","Miss","female",29.6991176470588,7.7875,0
"84","0","1","Mr","male",28,47.1,0
"85","1","2","Miss","female",17,10.5,0
"86","1","3","Mrs","female",33,15.85,3
"87","0","3","Mr","male",16,34.375,4
"88","0","3","Mr","male",29.6991176470588,8.05,0
"89","1","1","Miss","female",23,263,5
"90","0","3","Mr","male",24,8.05,0
"91","0","3","Mr","male",29,8.05,0
"92","0","3","Mr","male",20,7.8542,0
"93","0","1","Mr","male",46,61.175,1
"94","0","3","Mr","male",26,20.575,3
"95","0","3","Mr","male",59,7.25,0
"96","0","3","Mr","male",29.6991176470588,8.05,0
"98","1","1","Mr","male",23,63.3583,1
"99","1","2","Mrs","female",34,23,1
"100","0","2","Mr","male",34,26,1
"101","0","3","Miss","female",28,7.8958,0
"102","0","3","Mr","male",29.6991176470588,7.8958,0
"103","0","1","Mr","male",21,77.2875,1
"104","0","3","Mr","male",33,8.6542,0
"105","0","3","Mr","male",37,7.925,2
"106","0","3","Mr","male",28,7.8958,0
"107","1","3","Miss","female",21,7.65,0
"108","1","3","Mr","male",29.6991176470588,7.775,0
"109","0","3","Mr","male",38,7.8958,0
"110","1","3","Miss","female",29.6991176470588,24.15,1
"111","0","1","Mr","male",47,52,0
"112","0","3","Miss","female",14.5,14.4542,1
"113","0","3","Mr","male",22,8.05,0
"114","0","3","Miss","female",20,9.825,1
"115","0","3","Miss","female",17,14.4583,0
"116","0","3","Mr","male",21,7.925,0
"118","0","2","Mr","male",29,21,1
"119","0","1","Mr","male",24,247.5208,1
"120","0","3","Miss","female",2,31.275,6
"121","0","2","Mr","male",21,73.5,2
"122","0","3","Mr","male",29.6991176470588,8.05,0
"123","0","2","Mr","male",32.5,30.0708,1
"124","1","2","Miss","female",32.5,13,0
"125","0","1","Mr","male",54,77.2875,1
"126","1","3","Master","male",12,11.2417,1
"127","0","3","Mr","male",29.6991176470588,7.75,0
"128","1","3","Mr","male",24,7.1417,0
"129","1","3","Miss","female",29.6991176470588,22.3583,2
"130","0","3","Mr","male",45,6.975,0
"131","0","3","Mr","male",33,7.8958,0
"132","0","3","Mr","male",20,7.05,0
"133","0","3","Mrs","female",47,14.5,1
"134","1","2","Mrs","female",29,26,1
"135","0","2","Mr","male",25,13,0
"136","0","2","Mr","male",23,15.0458,0
"137","1","1","Miss","female",19,26.2833,2
"138","0","1","Mr","male",37,53.1,1
"139","0","3","Mr","male",16,9.2167,0
"140","0","1","Mr","male",24,79.2,0
"141","0","3","Mrs","female",29.6991176470588,15.2458,2
"142","1","3","Miss","female",22,7.75,0
"143","1","3","Mrs","female",24,15.85,1
"144","0","3","Mr","male",19,6.75,0
"145","0","2","Mr","male",18,11.5,0
"146","0","2","Mr","male",19,36.75,2
"147","1","3","Mr","male",27,7.7958,0
"148","0","3","Miss","female",9,34.375,4
"149","0","2","Mr","male",36.5,26,2
"150","0","2","Noble male","male",42,13,0
"151","0","2","Noble male","male",51,12.525,0
"152","1","1","Mrs","female",22,66.6,1
"153","0","3","Mr","male",55.5,8.05,0
"154","0","3","Mr","male",40.5,14.5,2
"155","0","3","Mr","male",29.6991176470588,7.3125,0
"156","0","1","Mr","male",51,61.3792,1
"157","1","3","Miss","female",16,7.7333,0
"158","0","3","Mr","male",30,8.05,0
"159","0","3","Mr","male",29.6991176470588,8.6625,0
"160","0","3","Master","male",29.6991176470588,69.55,10
"161","0","3","Mr","male",44,16.1,1
"162","1","2","Mrs","female",40,15.75,0
"163","0","3","Mr","male",26,7.775,0
"164","0","3","Mr","male",17,8.6625,0
"165","0","3","Master","male",1,39.6875,5
"166","1","3","Master","male",9,20.525,2
"167","1","1","Mrs","female",29.6991176470588,55,1
"168","0","3","Mrs","female",45,27.9,5
"169","0","1","Mr","male",29.6991176470588,25.925,0
"170","0","3","Mr","male",28,56.4958,0
"171","0","1","Mr","male",61,33.5,0
"172","0","3","Master","male",4,29.125,5
"173","1","3","Miss","female",1,11.1333,2
"174","0","3","Mr","male",21,7.925,0
"175","0","1","Mr","male",56,30.6958,0
"176","0","3","Mr","male",18,7.8542,2
"177","0","3","Master","male",29.6991176470588,25.4667,4
"178","0","1","Miss","female",50,28.7125,0
"179","0","2","Mr","male",30,13,0
"180","0","3","Mr","male",36,0,0
"181","0","3","Miss","female",29.6991176470588,69.55,10
"182","0","2","Mr","male",29.6991176470588,15.05,0
"183","0","3","Master","male",9,31.3875,6
"184","1","2","Master","male",1,39,3
"185","1","3","Miss","female",4,22.025,2
"186","0","1","Mr","male",29.6991176470588,50,0
"187","1","3","Mrs","female",29.6991176470588,15.5,1
"188","1","1","Mr","male",45,26.55,0
"189","0","3","Mr","male",40,15.5,2
"190","0","3","Mr","male",36,7.8958,0
"191","1","2","Mrs","female",32,13,0
"192","0","2","Mr","male",19,13,0
"193","1","3","Miss","female",19,7.8542,1
"194","1","2","Master","male",3,26,2
"195","1","1","Mrs","female",44,27.7208,0
"196","1","1","Miss","female",58,146.5208,0
"197","0","3","Mr","male",29.6991176470588,7.75,0
"198","0","3","Mr","male",42,8.4042,1
"199","1","3","Miss","female",29.6991176470588,7.75,0
"200","0","2","Miss","female",24,13,0
"201","0","3","Mr","male",28,9.5,0
"202","0","3","Mr","male",29.6991176470588,69.55,10
"203","0","3","Mr","male",34,6.4958,0
"204","0","3","Mr","male",45.5,7.225,0
"205","1","3","Mr","male",18,8.05,0
"206","0","3","Miss","female",2,10.4625,1
"207","0","3","Mr","male",32,15.85,1
"208","1","3","Mr","male",26,18.7875,0
"209","1","3","Miss","female",16,7.75,0
"210","1","1","Mr","male",40,31,0
"211","0","3","Mr","male",24,7.05,0
"212","1","2","Miss","female",35,21,0
"213","0","3","Mr","male",22,7.25,0
"214","0","2","Mr","male",30,13,0
"215","0","3","Mr","male",29.6991176470588,7.75,1
"216","1","1","Miss","female",31,113.275,1
"217","1","3","Miss","female",27,7.925,0
"218","0","2","Mr","male",42,27,1
"219","1","1","Miss","female",32,76.2917,0
"220","0","2","Mr","male",30,10.5,0
"221","1","3","Mr","male",16,8.05,0
"222","0","2","Mr","male",27,13,0
"223","0","3","Mr","male",51,8.05,0
"224","0","3","Mr","male",29.6991176470588,7.8958,0
"225","1","1","Mr","male",38,90,1
"226","0","3","Mr","male",22,9.35,0
"227","1","2","Mr","male",19,10.5,0
"228","0","3","Mr","male",20.5,7.25,0
"229","0","2","Mr","male",18,13,0
"230","0","3","Miss","female",29.6991176470588,25.4667,4
"231","1","1","Mrs","female",35,83.475,1
"232","0","3","Mr","male",29,7.775,0
"233","0","2","Mr","male",59,13.5,0
"234","1","3","Miss","female",5,31.3875,6
"235","0","2","Mr","male",24,10.5,0
"236","0","3","Miss","female",29.6991176470588,7.55,0
"237","0","2","Mr","male",44,26,1
"238","1","2","Miss","female",8,26.25,2
"239","0","2","Mr","male",19,10.5,0
"240","0","2","Mr","male",33,12.275,0
"241","0","3","Miss","female",29.6991176470588,14.4542,1
"242","1","3","Miss","female",29.6991176470588,15.5,1
"243","0","2","Mr","male",29,10.5,0
"244","0","3","Mr","male",22,7.125,0
"245","0","3","Mr","male",30,7.225,0
"246","0","1","Noble male","male",44,90,2
"247","0","3","Miss","female",25,7.775,0
"248","1","2","Mrs","female",24,14.5,2
"249","1","1","Mr","male",37,52.5542,2
"250","0","2","Noble male","male",54,26,1
"251","0","3","Mr","male",29.6991176470588,7.25,0
"252","0","3","Mrs","female",29,10.4625,2
"253","0","1","Mr","male",62,26.55,0
"254","0","3","Mr","male",30,16.1,1
"255","0","3","Mrs","female",41,20.2125,2
"256","1","3","Mrs","female",29,15.2458,2
"257","1","1","Mrs","female",29.6991176470588,79.2,0
"258","1","1","Miss","female",30,86.5,0
"259","1","1","Miss","female",35,512.3292,0
"260","1","2","Mrs","female",50,26,1
"261","0","3","Mr","male",29.6991176470588,7.75,0
"262","1","3","Master","male",3,31.3875,6
"263","0","1","Mr","male",52,79.65,2
"264","0","1","Mr","male",40,0,0
"265","0","3","Miss","female",29.6991176470588,7.75,0
"266","0","2","Mr","male",36,10.5,0
"267","0","3","Mr","male",16,39.6875,5
"268","1","3","Mr","male",25,7.775,1
"269","1","1","Mrs","female",58,153.4625,1
"270","1","1","Miss","female",35,135.6333,0
"271","0","1","Mr","male",29.6991176470588,31,0
"272","1","3","Mr","male",25,0,0
"273","1","2","Mrs","female",41,19.5,1
"274","0","1","Mr","male",37,29.7,1
"275","1","3","Miss","female",29.6991176470588,7.75,0
"276","1","1","Miss","female",63,77.9583,1
"277","0","3","Miss","female",45,7.75,0
"278","0","2","Mr","male",29.6991176470588,0,0
"279","0","3","Master","male",7,29.125,5
"280","1","3","Mrs","female",35,20.25,2
"281","0","3","Mr","male",65,7.75,0
"282","0","3","Mr","male",28,7.8542,0
"283","0","3","Mr","male",16,9.5,0
"284","1","3","Mr","male",19,8.05,0
"285","0","1","Mr","male",29.6991176470588,26,0
"286","0","3","Mr","male",33,8.6625,0
"287","1","3","Mr","male",30,9.5,0
"288","0","3","Mr","male",22,7.8958,0
"289","1","2","Mr","male",42,13,0
"290","1","3","Miss","female",22,7.75,0
"291","1","1","Miss","female",26,78.85,0
"292","1","1","Mrs","female",19,91.0792,1
"293","0","2","Mr","male",36,12.875,0
"294","0","3","Miss","female",24,8.85,0
"295","0","3","Mr","male",24,7.8958,0
"296","0","1","Mr","male",29.6991176470588,27.7208,0
"297","0","3","Mr","male",23.5,7.2292,0
"298","0","1","Miss","female",2,151.55,3
"299","1","1","Mr","male",29.6991176470588,30.5,0
"300","1","1","Mrs","female",50,247.5208,1
"301","1","3","Miss","female",29.6991176470588,7.75,0
"302","1","3","Mr","male",29.6991176470588,23.25,2
"303","0","3","Mr","male",19,0,0
"304","1","2","Miss","female",29.6991176470588,12.35,0
"305","0","3","Mr","male",29.6991176470588,8.05,0
"306","1","1","Master","male",0.92,151.55,3
"307","1","1","Miss","female",29.6991176470588,110.8833,0
"308","1","1","Mrs","female",17,108.9,1
"309","0","2","Mr","male",30,24,1
"310","1","1","Miss","female",30,56.9292,0
"311","1","1","Miss","female",24,83.1583,0
"312","1","1","Miss","female",18,262.375,4
"313","0","2","Mrs","female",26,26,2
"314","0","3","Mr","male",28,7.8958,0
"315","0","2","Mr","male",43,26.25,2
"316","1","3","Miss","female",26,7.8542,0
"317","1","2","Mrs","female",24,26,1
"318","0","2","Noble male","male",54,14,0
"319","1","1","Miss","female",31,164.8667,2
"320","1","1","Mrs","female",40,134.5,2
"321","0","3","Mr","male",22,7.25,0
"322","0","3","Mr","male",27,7.8958,0
"323","1","2","Miss","female",30,12.35,0
"324","1","2","Mrs","female",22,29,2
"325","0","3","Mr","male",29.6991176470588,69.55,10
"326","1","1","Miss","female",36,135.6333,0
"327","0","3","Mr","male",61,6.2375,0
"328","1","2","Mrs","female",36,13,0
"329","1","3","Mrs","female",31,20.525,2
"330","1","1","Miss","female",16,57.9792,1
"331","1","3","Miss","female",29.6991176470588,23.25,2
"332","0","1","Mr","male",45.5,28.5,0
"333","0","1","Mr","male",38,153.4625,1
"334","0","3","Mr","male",16,18,2
"335","1","1","Mrs","female",29.6991176470588,133.65,1
"336","0","3","Mr","male",29.6991176470588,7.8958,0
"337","0","1","Mr","male",29,66.6,1
"338","1","1","Miss","female",41,134.5,0
"339","1","3","Mr","male",45,8.05,0
"340","0","1","Mr","male",45,35.5,0
"341","1","2","Master","male",2,26,2
"342","1","1","Miss","female",24,263,5
"343","0","2","Mr","male",28,13,0
"344","0","2","Mr","male",25,13,0
"345","0","2","Mr","male",36,13,0
"346","1","2","Miss","female",24,13,0
"347","1","2","Miss","female",40,13,0
"348","1","3","Mrs","female",29.6991176470588,16.1,1
"349","1","3","Master","male",3,15.9,2
"350","0","3","Mr","male",42,8.6625,0
"351","0","3","Mr","male",23,9.225,0
"352","0","1","Mr","male",29.6991176470588,35,0
"353","0","3","Mr","male",15,7.2292,2
"354","0","3","Mr","male",25,17.8,1
"355","0","3","Mr","male",29.6991176470588,7.225,0
"356","0","3","Mr","male",28,9.5,0
"357","1","1","Miss","female",22,55,1
"358","0","2","Miss","female",38,13,0
"359","1","3","Miss","female",29.6991176470588,7.8792,0
"360","1","3","Miss","female",29.6991176470588,7.8792,0
"361","0","3","Mr","male",40,27.9,5
"362","0","2","Mr","male",29,27.7208,1
"363","0","3","Mrs","female",45,14.4542,1
"364","0","3","Mr","male",35,7.05,0
"365","0","3","Mr","male",29.6991176470588,15.5,1
"366","0","3","Mr","male",30,7.25,0
"367","1","1","Mrs","female",60,75.25,1
"368","1","3","Mrs","female",29.6991176470588,7.2292,0
"369","1","3","Miss","female",29.6991176470588,7.75,0
"370","1","1","Noble female","female",24,69.3,0
"371","1","1","Mr","male",25,55.4417,1
"372","0","3","Mr","male",18,6.4958,1
"373","0","3","Mr","male",19,8.05,0
"374","0","1","Mr","male",22,135.6333,0
"375","0","3","Miss","female",3,21.075,4
"376","1","1","Mrs","female",29.6991176470588,82.1708,1
"377","1","3","Miss","female",22,7.25,0
"378","0","1","Mr","male",27,211.5,2
"379","0","3","Mr","male",20,4.0125,0
"380","0","3","Mr","male",19,7.775,0
"381","1","1","Miss","female",42,227.525,0
"382","1","3","Miss","female",1,15.7417,2
"383","0","3","Mr","male",32,7.925,0
"384","1","1","Mrs","female",35,52,1
"385","0","3","Mr","male",29.6991176470588,7.8958,0
"386","0","2","Mr","male",18,73.5,0
"387","0","3","Master","male",1,46.9,7
"388","1","2","Miss","female",36,13,0
"389","0","3","Mr","male",29.6991176470588,7.7292,0
"390","1","2","Miss","female",17,12,0
"391","1","1","Mr","male",36,120,3
"392","1","3","Mr","male",21,7.7958,0
"393","0","3","Mr","male",28,7.925,2
"394","1","1","Miss","female",23,113.275,1
"395","1","3","Mrs","female",24,16.7,2
"396","0","3","Mr","male",22,7.7958,0
"397","0","3","Miss","female",31,7.8542,0
"398","0","2","Mr","male",46,26,0
"399","0","2","Noble male","male",23,10.5,0
"400","1","2","Mrs","female",28,12.65,0
"401","1","3","Mr","male",39,7.925,0
"402","0","3","Mr","male",26,8.05,0
"403","0","3","Miss","female",21,9.825,1
"404","0","3","Mr","male",28,15.85,1
"405","0","3","Miss","female",20,8.6625,0
"406","0","2","Mr","male",34,21,1
"407","0","3","Mr","male",51,7.75,0
"408","1","2","Master","male",3,18.75,2
"409","0","3","Mr","male",21,7.775,0
"410","0","3","Miss","female",29.6991176470588,25.4667,4
"411","0","3","Mr","male",29.6991176470588,7.8958,0
"412","0","3","Mr","male",29.6991176470588,6.8583,0
"413","1","1","Miss","female",33,90,1
"414","0","2","Mr","male",29.6991176470588,0,0
"415","1","3","Mr","male",44,7.925,0
"416","0","3","Mrs","female",29.6991176470588,8.05,0
"417","1","2","Mrs","female",34,32.5,2
"418","1","2","Miss","female",18,13,2
"419","0","2","Mr","male",30,13,0
"420","0","3","Miss","female",10,24.15,2
"421","0","3","Mr","male",29.6991176470588,7.8958,0
"422","0","3","Mr","male",21,7.7333,0
"423","0","3","Mr","male",29,7.875,0
"424","0","3","Mrs","female",28,14.4,2
"425","0","3","Mr","male",18,20.2125,2
"426","0","3","Mr","male",29.6991176470588,7.25,0
"427","1","2","Mrs","female",28,26,1
"428","1","2","Miss","female",19,26,0
"429","0","3","Mr","male",29.6991176470588,7.75,0
"430","1","3","Mr","male",32,8.05,0
"431","1","1","Mr","male",28,26.55,0
"432","1","3","Mrs","female",29.6991176470588,16.1,1
"433","1","2","Mrs","female",42,26,1
"434","0","3","Mr","male",17,7.125,0
"435","0","1","Mr","male",50,55.9,1
"436","1","1","Miss","female",14,120,3
"437","0","3","Miss","female",21,34.375,4
"438","1","2","Mrs","female",24,18.75,5
"439","0","1","Mr","male",64,263,5
"440","0","2","Mr","male",31,10.5,0
"441","1","2","Mrs","female",45,26.25,2
"442","0","3","Mr","male",20,9.5,0
"443","0","3","Mr","male",25,7.775,1
"444","1","2","Noble female","female",28,13,0
"445","1","3","Mr","male",29.6991176470588,8.1125,0
"446","1","1","Master","male",4,81.8583,2
"447","1","2","Miss","female",13,19.5,1
"448","1","1","Mr","male",34,26.55,0
"449","1","3","Miss","female",5,19.2583,3
"450","1","1","Noble male","male",52,30.5,0
"451","0","2","Mr","male",36,27.75,3
"452","0","3","Mr","male",29.6991176470588,19.9667,1
"453","0","1","Mr","male",30,27.75,0
"454","1","1","Mr","male",49,89.1042,1
"455","0","3","Mr","male",29.6991176470588,8.05,0
"456","1","3","Mr","male",29,7.8958,0
"457","0","1","Mr","male",65,26.55,0
"458","1","1","Mrs","female",29.6991176470588,51.8625,1
"459","1","2","Miss","female",50,10.5,0
"460","0","3","Mr","male",29.6991176470588,7.75,0
"461","1","1","Mr","male",48,26.55,0
"462","0","3","Mr","male",34,8.05,0
"463","0","1","Mr","male",47,38.5,0
"464","0","2","Mr","male",48,13,0
"465","0","3","Mr","male",29.6991176470588,8.05,0
"466","0","3","Mr","male",38,7.05,0
"467","0","2","Mr","male",29.6991176470588,0,0
"468","0","1","Mr","male",56,26.55,0
"469","0","3","Mr","male",29.6991176470588,7.725,0
"470","1","3","Miss","female",0.75,19.2583,3
"471","0","3","Mr","male",29.6991176470588,7.25,0
"472","0","3","Mr","male",38,8.6625,0
"473","1","2","Mrs","female",33,27.75,3
"474","1","2","Mrs","female",23,13.7917,0
"475","0","3","Miss","female",22,9.8375,0
"476","0","1","Mr","male",29.6991176470588,52,0
"477","0","2","Mr","male",34,21,1
"478","0","3","Mr","male",29,7.0458,1
"479","0","3","Mr","male",22,7.5208,0
"480","1","3","Miss","female",2,12.2875,1
"481","0","3","Master","male",9,46.9,7
"482","0","2","Mr","male",29.6991176470588,0,0
"483","0","3","Mr","male",50,8.05,0
"484","1","3","Mrs","female",63,9.5875,0
"485","1","1","Mr","male",25,91.0792,1
"486","0","3","Miss","female",29.6991176470588,25.4667,4
"487","1","1","Mrs","female",35,90,1
"488","0","1","Mr","male",58,29.7,0
"489","0","3","Mr","male",30,8.05,0
"490","1","3","Master","male",9,15.9,2
"491","0","3","Mr","male",29.6991176470588,19.9667,1
"492","0","3","Mr","male",21,7.25,0
"493","0","1","Mr","male",55,30.5,0
"495","0","3","Mr","male",21,8.05,0
"496","0","3","Mr","male",29.6991176470588,14.4583,0
"497","1","1","Miss","female",54,78.2667,1
"498","0","3","Mr","male",29.6991176470588,15.1,0
"499","0","1","Mrs","female",25,151.55,3
"500","0","3","Mr","male",24,7.7958,0
"501","0","3","Mr","male",17,8.6625,0
"502","0","3","Miss","female",21,7.75,0
"503","0","3","Miss","female",29.6991176470588,7.6292,0
"504","0","3","Miss","female",37,9.5875,0
"505","1","1","Miss","female",16,86.5,0
"506","0","1","Mr","male",18,108.9,1
"507","1","2","Mrs","female",33,26,2
"508","1","1","Mr","male",29.6991176470588,26.55,0
"509","0","3","Mr","male",28,22.525,0
"510","1","3","Mr","male",26,56.4958,0
"511","1","3","Mr","male",29,7.75,0
"512","0","3","Mr","male",29.6991176470588,8.05,0
"513","1","1","Mr","male",36,26.2875,0
"514","1","1","Mrs","female",54,59.4,1
"515","0","3","Mr","male",24,7.4958,0
"516","0","1","Mr","male",47,34.0208,0
"517","1","2","Mrs","female",34,10.5,0
"518","0","3","Mr","male",29.6991176470588,24.15,0
"519","1","2","Mrs","female",36,26,1
"520","0","3","Mr","male",32,7.8958,0
"521","1","1","Miss","female",30,93.5,0
"522","0","3","Mr","male",22,7.8958,0
"523","0","3","Mr","male",29.6991176470588,7.225,0
"524","1","1","Mrs","female",44,57.9792,1
"525","0","3","Mr","male",29.6991176470588,7.2292,0
"526","0","3","Mr","male",40.5,7.75,0
"527","1","2","Miss","female",50,10.5,0
"528","0","1","Mr","male",29.6991176470588,221.7792,0
"529","0","3","Mr","male",39,7.925,0
"530","0","2","Mr","male",23,11.5,3
"531","1","2","Miss","female",2,26,2
"532","0","3","Mr","male",29.6991176470588,7.2292,0
"533","0","3","Mr","male",17,7.2292,2
"534","1","3","Mrs","female",29.6991176470588,22.3583,2
"535","0","3","Miss","female",30,8.6625,0
"536","1","2","Miss","female",7,26.25,2
"537","0","1","Noble male","male",45,26.55,0
"538","1","1","Miss","female",30,106.425,0
"539","0","3","Mr","male",29.6991176470588,14.5,0
"540","1","1","Miss","female",22,49.5,2
"541","1","1","Miss","female",36,71,2
"542","0","3","Miss","female",9,31.275,6
"543","0","3","Miss","female",11,31.275,6
"544","1","2","Mr","male",32,26,1
"545","0","1","Mr","male",50,106.425,1
"546","0","1","Mr","male",64,26,0
"547","1","2","Mrs","female",19,26,1
"548","1","2","Mr","male",29.6991176470588,13.8625,0
"549","0","3","Mr","male",33,20.525,2
"550","1","2","Master","male",8,36.75,2
"551","1","1","Mr","male",17,110.8833,2
"552","0","2","Mr","male",27,26,0
"553","0","3","Mr","male",29.6991176470588,7.8292,0
"554","1","3","Mr","male",22,7.225,0
"555","1","3","Miss","female",22,7.775,0
"556","0","1","Mr","male",62,26.55,0
"557","1","1","Noble female","female",48,39.6,1
"558","0","1","Mr","male",29.6991176470588,227.525,0
"559","1","1","Mrs","female",39,79.65,2
"560","1","3","Mrs","female",36,17.4,1
"561","0","3","Mr","male",29.6991176470588,7.75,0
"562","0","3","Mr","male",40,7.8958,0
"563","0","2","Mr","male",28,13.5,0
"564","0","3","Mr","male",29.6991176470588,8.05,0
"565","0","3","Miss","female",29.6991176470588,8.05,0
"566","0","3","Mr","male",24,24.15,2
"567","0","3","Mr","male",19,7.8958,0
"568","0","3","Mrs","female",29,21.075,4
"569","0","3","Mr","male",29.6991176470588,7.2292,0
"570","1","3","Mr","male",32,7.8542,0
"571","1","2","Mr","male",62,10.5,0
"572","1","1","Mrs","female",53,51.4792,2
"573","1","1","Mr","male",36,26.3875,0
"574","1","3","Miss","female",29.6991176470588,7.75,0
"575","0","3","Mr","male",16,8.05,0
"576","0","3","Mr","male",19,14.5,0
"577","1","2","Miss","female",34,13,0
"578","1","1","Mrs","female",39,55.9,1
"579","0","3","Mrs","female",29.6991176470588,14.4583,1
"580","1","3","Mr","male",32,7.925,0
"581","1","2","Miss","female",25,30,2
"582","1","1","Mrs","female",39,110.8833,2
"583","0","2","Mr","male",54,26,0
"584","0","1","Mr","male",36,40.125,0
"585","0","3","Mr","male",29.6991176470588,8.7125,0
"586","1","1","Miss","female",18,79.65,2
"587","0","2","Mr","male",47,15,0
"588","1","1","Mr","male",60,79.2,2
"589","0","3","Mr","male",22,8.05,0
"590","0","3","Mr","male",29.6991176470588,8.05,0
"591","0","3","Mr","male",35,7.125,0
"592","1","1","Mrs","female",52,78.2667,1
"593","0","3","Mr","male",47,7.25,0
"594","0","3","Miss","female",29.6991176470588,7.75,2
"595","0","2","Mr","male",37,26,1
"596","0","3","Mr","male",36,24.15,2
"597","1","2","Miss","female",29.6991176470588,33,0
"598","0","3","Mr","male",49,0,0
"599","0","3","Mr","male",29.6991176470588,7.225,0
"600","1","1","Noble male","male",49,56.9292,1
"601","1","2","Mrs","female",24,27,3
"602","0","3","Mr","male",29.6991176470588,7.8958,0
"603","0","1","Mr","male",29.6991176470588,42.4,0
"604","0","3","Mr","male",44,8.05,0
"605","1","1","Mr","male",35,26.55,0
"606","0","3","Mr","male",36,15.55,1
"607","0","3","Mr","male",30,7.8958,0
"608","1","1","Mr","male",27,30.5,0
"609","1","2","Mrs","female",22,41.5792,3
"610","1","1","Miss","female",40,153.4625,0
"611","0","3","Mrs","female",39,31.275,6
"612","0","3","Mr","male",29.6991176470588,7.05,0
"613","1","3","Miss","female",29.6991176470588,15.5,1
"614","0","3","Mr","male",29.6991176470588,7.75,0
"615","0","3","Mr","male",35,8.05,0
"616","1","2","Miss","female",24,65,3
"617","0","3","Mr","male",34,14.4,2
"618","0","3","Mrs","female",26,16.1,1
"619","1","2","Miss","female",4,39,3
"620","0","2","Mr","male",26,10.5,0
"621","0","3","Mr","male",27,14.4542,1
"622","1","1","Mr","male",42,52.5542,1
"623","1","3","Mr","male",20,15.7417,2
"624","0","3","Mr","male",21,7.8542,0
"625","0","3","Mr","male",21,16.1,0
"626","0","1","Mr","male",61,32.3208,0
"627","0","2","Noble male","male",57,12.35,0
"628","1","1","Miss","female",21,77.9583,0
"629","0","3","Mr","male",26,7.8958,0
"630","0","3","Mr","male",29.6991176470588,7.7333,0
"632","0","3","Mr","male",51,7.0542,0
"633","1","1","Noble male","male",32,30.5,0
"634","0","1","Mr","male",29.6991176470588,0,0
"635","0","3","Miss","female",9,27.9,5
"636","1","2","Miss","female",28,13,0
"637","0","3","Mr","male",32,7.925,0
"638","0","2","Mr","male",31,26.25,2
"639","0","3","Mrs","female",41,39.6875,5
"640","0","3","Mr","male",29.6991176470588,16.1,1
"641","0","3","Mr","male",20,7.8542,0
"642","1","1","Noble female","female",24,69.3,0
"643","0","3","Miss","female",2,27.9,5
"644","1","3","Mr","male",29.6991176470588,56.4958,0
"645","1","3","Miss","female",0.75,19.2583,3
"646","1","1","Mr","male",48,76.7292,1
"647","0","3","Mr","male",19,7.8958,0
"648","1","1","Noble male","male",56,35.5,0
"649","0","3","Mr","male",29.6991176470588,7.55,0
"650","1","3","Miss","female",23,7.55,0
"651","0","3","Mr","male",29.6991176470588,7.8958,0
"652","1","2","Miss","female",18,23,1
"653","0","3","Mr","male",21,8.4333,0
"654","1","3","Miss","female",29.6991176470588,7.8292,0
"655","0","3","Miss","female",18,6.75,0
"656","0","2","Mr","male",24,73.5,2
"657","0","3","Mr","male",29.6991176470588,7.8958,0
"658","0","3","Mrs","female",32,15.5,2
"659","0","2","Mr","male",23,13,0
"660","0","1","Mr","male",58,113.275,2
"661","1","1","Noble male","male",50,133.65,2
"662","0","3","Mr","male",40,7.225,0
"663","0","1","Mr","male",47,25.5875,0
"664","0","3","Mr","male",36,7.4958,0
"665","1","3","Mr","male",20,7.925,1
"666","0","2","Mr","male",32,73.5,2
"667","0","2","Mr","male",25,13,0
"668","0","3","Mr","male",29.6991176470588,7.775,0
"669","0","3","Mr","male",43,8.05,0
"670","1","1","Mrs","female",29.6991176470588,52,1
"671","1","2","Mrs","female",40,39,2
"672","0","1","Mr","male",31,52,1
"674","1","2","Mr","male",31,13,0
"675","0","2","Mr","male",29.6991176470588,0,0
"676","0","3","Mr","male",18,7.775,0
"677","0","3","Mr","male",24.5,8.05,0
"678","1","3","Miss","female",18,9.8417,0
"679","0","3","Mrs","female",43,46.9,7
"680","1","1","Mr","male",36,512.3292,1
"681","0","3","Miss","female",29.6991176470588,8.1375,0
"682","1","1","Mr","male",27,76.7292,0
"683","0","3","Mr","male",20,9.225,0
"684","0","3","Mr","male",14,46.9,7
"685","0","2","Mr","male",60,39,2
"686","0","2","Mr","male",25,41.5792,3
"687","0","3","Mr","male",14,39.6875,5
"688","0","3","Mr","male",19,10.1708,0
"689","0","3","Mr","male",18,7.7958,0
"690","1","1","Miss","female",15,211.3375,1
"691","1","1","Mr","male",31,57,1
"692","1","3","Miss","female",4,13.4167,1
"693","1","3","Mr","male",29.6991176470588,56.4958,0
"694","0","3","Mr","male",25,7.225,0
"695","0","1","Noble male","male",60,26.55,0
"696","0","2","Mr","male",52,13.5,0
"697","0","3","Mr","male",44,8.05,0
"698","1","3","Miss","female",29.6991176470588,7.7333,0
"699","0","1","Mr","male",49,110.8833,2
"700","0","3","Mr","male",42,7.65,0
"701","1","1","Mrs","female",18,227.525,1
"702","1","1","Mr","male",35,26.2875,0
"703","0","3","Miss","female",18,14.4542,1
"704","0","3","Mr","male",25,7.7417,0
"705","0","3","Mr","male",26,7.8542,1
"706","0","2","Mr","male",39,26,0
"707","1","2","Mrs","female",45,13.5,0
"708","1","1","Mr","male",42,26.2875,0
"709","1","1","Miss","female",22,151.55,0
"710","1","3","Master","male",29.6991176470588,15.2458,2
"711","1","1","Noble female","female",24,49.5042,0
"712","0","1","Mr","male",29.6991176470588,26.55,0
"713","1","1","Mr","male",48,52,1
"714","0","3","Mr","male",29,9.4833,0
"715","0","2","Mr","male",52,13,0
"716","0","3","Mr","male",19,7.65,0
"717","1","1","Miss","female",38,227.525,0
"718","1","2","Miss","female",27,10.5,0
"719","0","3","Mr","male",29.6991176470588,15.5,0
"720","0","3","Mr","male",33,7.775,0
"721","1","2","Miss","female",6,33,1
"722","0","3","Mr","male",17,7.0542,1
"723","0","2","Mr","male",34,13,0
"724","0","2","Mr","male",50,13,0
"725","1","1","Mr","male",27,53.1,1
"726","0","3","Mr","male",20,8.6625,0
"727","1","2","Mrs","female",30,21,3
"728","1","3","Miss","female",29.6991176470588,7.7375,0
"729","0","2","Mr","male",25,26,1
"730","0","3","Miss","female",25,7.925,1
"731","1","1","Miss","female",29,211.3375,0
"732","0","3","Mr","male",11,18.7875,0
"733","0","2","Mr","male",29.6991176470588,0,0
"734","0","2","Mr","male",23,13,0
"735","0","2","Mr","male",23,13,0
"736","0","3","Mr","male",28.5,16.1,0
"737","0","3","Mrs","female",48,34.375,4
"738","1","1","Mr","male",35,512.3292,0
"739","0","3","Mr","male",29.6991176470588,7.8958,0
"740","0","3","Mr","male",29.6991176470588,7.8958,0
"741","1","1","Mr","male",29.6991176470588,30,0
"742","0","1","Mr","male",36,78.85,1
"743","1","1","Miss","female",21,262.375,4
"744","0","3","Mr","male",24,16.1,1
"745","1","3","Mr","male",31,7.925,0
"747","0","3","Mr","male",16,20.25,2
"748","1","2","Miss","female",30,13,0
"749","0","1","Mr","male",19,53.1,1
"750","0","3","Mr","male",31,7.75,0
"751","1","2","Miss","female",4,23,2
"752","1","3","Master","male",6,12.475,1
"753","0","3","Mr","male",33,9.5,0
"754","0","3","Mr","male",23,7.8958,0
"755","1","2","Mrs","female",48,65,3
"756","1","2","Master","male",0.67,14.5,2
"757","0","3","Mr","male",28,7.7958,0
"758","0","2","Mr","male",18,11.5,0
"759","0","3","Mr","male",34,8.05,0
"760","1","1","Noble female","female",33,86.5,0
"761","0","3","Mr","male",29.6991176470588,14.5,0
"762","0","3","Mr","male",41,7.125,0
"763","1","3","Mr","male",20,7.2292,0
"764","1","1","Mrs","female",36,120,3
"765","0","3","Mr","male",16,7.775,0
"766","1","1","Mrs","female",51,77.9583,1
"767","0","1","Noble male","male",29.6991176470588,39.6,0
"768","0","3","Miss","female",30.5,7.75,0
"769","0","3","Mr","male",29.6991176470588,24.15,1
"770","0","3","Mr","male",32,8.3625,0
"771","0","3","Mr","male",24,9.5,0
"772","0","3","Mr","male",48,7.8542,0
"773","0","2","Mrs","female",57,10.5,0
"774","0","3","Mr","male",29.6991176470588,7.225,0
"775","1","2","Mrs","female",54,23,4
"776","0","3","Mr","male",18,7.75,0
"777","0","3","Mr","male",29.6991176470588,7.75,0
"778","1","3","Miss","female",5,12.475,0
"779","0","3","Mr","male",29.6991176470588,7.7375,0
"780","1","1","Mrs","female",43,211.3375,1
"781","1","3","Miss","female",13,7.2292,0
"782","1","1","Mrs","female",17,57,1
"783","0","1","Mr","male",29,30,0
"784","0","3","Mr","male",29.6991176470588,23.45,3
"785","0","3","Mr","male",25,7.05,0
"786","0","3","Mr","male",25,7.25,0
"787","1","3","Miss","female",18,7.4958,0
"788","0","3","Master","male",8,29.125,5
"789","1","3","Master","male",1,20.575,3
"790","0","1","Mr","male",46,79.2,0
"791","0","3","Mr","male",29.6991176470588,7.75,0
"792","0","2","Mr","male",16,26,0
"793","0","3","Miss","female",29.6991176470588,69.55,10
"794","0","1","Mr","male",29.6991176470588,30.6958,0
"795","0","3","Mr","male",25,7.8958,0
"796","0","2","Mr","male",39,13,0
"797","1","1","Noble female","female",49,25.9292,0
"798","1","3","Mrs","female",31,8.6833,0
"799","0","3","Mr","male",30,7.2292,0
"800","0","3","Mrs","female",30,24.15,2
"801","0","2","Mr","male",34,13,0
"802","1","2","Mrs","female",31,26.25,2
"803","1","1","Master","male",11,120,3
"804","1","3","Master","male",0.42,8.5167,1
"805","1","3","Mr","male",27,6.975,0
"806","0","3","Mr","male",31,7.775,0
"807","0","1","Mr","male",39,0,0
"808","0","3","Miss","female",18,7.775,0
"809","0","2","Mr","male",39,13,0
"810","1","1","Mrs","female",33,53.1,1
"811","0","3","Mr","male",26,7.8875,0
"812","0","3","Mr","male",39,24.15,0
"813","0","2","Mr","male",35,10.5,0
"814","0","3","Miss","female",6,31.275,6
"815","0","3","Mr","male",30.5,8.05,0
"816","0","1","Mr","male",29.6991176470588,0,0
"817","0","3","Miss","female",23,7.925,0
"818","0","2","Mr","male",31,37.0042,2
"819","0","3","Mr","male",43,6.45,0
"820","0","3","Master","male",10,27.9,5
"821","1","1","Mrs","female",52,93.5,2
"822","1","3","Mr","male",27,8.6625,0
"823","0","1","Noble male","male",38,0,0
"824","1","3","Mrs","female",27,12.475,1
"825","0","3","Master","male",2,39.6875,5
"826","0","3","Mr","male",29.6991176470588,6.95,0
"827","0","3","Mr","male",29.6991176470588,56.4958,0
"828","1","2","Master","male",1,37.0042,2
"829","1","3","Mr","male",29.6991176470588,7.75,0
"830","1","1","Mrs","female",62,80,0
"831","1","3","Mrs","female",15,14.4542,1
"832","1","2","Master","male",0.83,18.75,2
"833","0","3","Mr","male",29.6991176470588,7.2292,0
"834","0","3","Mr","male",23,7.8542,0
"835","0","3","Mr","male",18,8.3,0
"836","1","1","Miss","female",39,83.1583,2
"837","0","3","Mr","male",21,8.6625,0
"838","0","3","Mr","male",29.6991176470588,8.05,0
"839","1","3","Mr","male",32,56.4958,0
"840","1","1","Mr","male",29.6991176470588,29.7,0
"841","0","3","Mr","male",20,7.925,0
"842","0","2","Mr","male",16,10.5,0
"843","1","1","Miss","female",30,31,0
"844","0","3","Mr","male",34.5,6.4375,0
"845","0","3","Mr","male",17,8.6625,0
"846","0","3","Mr","male",42,7.55,0
"847","0","3","Mr","male",29.6991176470588,69.55,10
"848","0","3","Mr","male",35,7.8958,0
"849","0","2","Noble male","male",28,33,1
"850","1","1","Mrs","female",29.6991176470588,89.1042,1
"851","0","3","Master","male",4,31.275,6
"853","0","3","Miss","female",9,15.2458,2
"854","1","1","Miss","female",16,39.4,1
"855","0","2","Mrs","female",44,26,1
"856","1","3","Mrs","female",18,9.35,1
"857","1","1","Mrs","female",45,164.8667,2
"858","1","1","Mr","male",51,26.55,0
"859","1","3","Mrs","female",24,19.2583,3
"860","0","3","Mr","male",29.6991176470588,7.2292,0
"861","0","3","Mr","male",41,14.1083,2
"862","0","2","Mr","male",21,11.5,1
"863","1","1","Mrs","female",48,25.9292,0
"864","0","3","Miss","female",29.6991176470588,69.55,10
"865","0","2","Mr","male",24,13,0
"866","1","2","Mrs","female",42,13,0
"867","1","2","Miss","female",27,13.8583,1
"868","0","1","Mr","male",31,50.4958,0
"869","0","3","Mr","male",29.6991176470588,9.5,0
"870","1","3","Master","male",4,11.1333,2
"871","0","3","Mr","male",26,7.8958,0
"872","1","1","Mrs","female",47,52.5542,2
"873","0","1","Mr","male",33,5,0
"874","0","3","Mr","male",47,9,0
"875","1","2","Mrs","female",28,24,1
"876","1","3","Miss","female",15,7.225,0
"877","0","3","Mr","male",20,9.8458,0
"878","0","3","Mr","male",19,7.8958,0
"879","0","3","Mr","male",29.6991176470588,7.8958,0
"880","1","1","Mrs","female",56,83.1583,1
"881","1","2","Mrs","female",25,26,1
"882","0","3","Mr","male",33,7.8958,0
"883","0","3","Miss","female",22,10.5167,0
"884","0","2","Mr","male",28,10.5,0
"885","0","3","Mr","male",25,7.05,0
"886","0","3","Mrs","female",39,29.125,5
"887","0","2","Noble male","male",27,13,0
"888","1","1","Miss","female",19,30,0
"889","0","3","Miss","female",29.6991176470588,23.45,3
"890","1","1","Mr","male",26,30,0
"891","0","3","Mr","male",32,7.75,0
